PNummer;Fjernvarmeforsyning;Postnr.;MWhPrisInklMoms;SamletForbugerprisBeboelseslejlighedInklMoms;SamletForbugerprisEnfamilieshusInklMoms;NominelPrisaendring36Mdr;ProcentvisPrisaendring36Mdr;NominelPrisaendring12Mdr;ProcentvisPrisaendring12Mdr;Bemaerkninger
1025109704;AffaldVarme Aarhus Fjernvarme A/S;8220;650;11490;14220;2113;17%;1578,5;12,49%;
1001516452;Agersted Varmeværk;9330;558;10863;13966;3620;35%;-3936,75;-21,99%;
1003267160;Albertslund Varmeværk;2620;762;12323;15175;38;0%;-457,19;-2,92%;
1001414567;Allingåbro Varmeværk A M B A;8961;475;11125;14285;1054;8%;375;2,70%;
1000214727;Als Fjernvarme a.m.b.a.;9560;425;9350;11755;0;0%;0;0,00%;
1001852238;ANDELSSELSKABET MØLHOLM VARMEVÆRK;7100;550;10375;13180;339;3%;0;0,00%;
1000445617;ANDELSSELSKABET OKSBØL VARMEVÆRK;6840;463;10262;13260;1018;8%;452,5;3,53%;
1002907871;ANS FJERNVARMEVÆRK A M B A;8643;600;11228;14281;1018;8%;-2941,25;-17,08%;
1002158896;ANSAGER VARMEVÆRK;6823;375;11700;16788;972;6%;-452,5;-2,62%;
1002330178;Arden Varmeværk;9510;450;9250;12020;1116;10%;-452,5;-3,63%;
1024700972;Assens Fjernvarme (Fyn) Distribution A/S;5610;451;8271;10758;987;10%;409,09;3,95%;
1001620419;Assens Fjernvarme Amba - Jylland;9550;463;11406;14809;-679;-4%;0;0,00%;
1001352177;ASTRUP KRAFTVARMEVÆRK A.M.B.A.;9510;520;15144;16756;6621;65%;0;0,00%;
1002016230;Asaa Fjernvarme;9340;423;9494;12385;1944;19%;-1574,63;-11,28%;
1002096146;Augustenborg Fjernvarme;6440;438;9938;12669;-241;-2%;-1696,88;-11,81%;
1001775537;AULUM FJERNVARME AMBA;7490;400;9713;13565;3690;37%;-1131,25;-7,70%;
1001583674;Auning Varmeværk A M B A**;8963;500;13281;16413;3305;25%;2672,5;19,45%;** Forsyningen er en fusion af to eller flere forsyninger eller har prisharmoniseret. Der er for december 2017 og evt. januar 2020 benyttet en med det budgetterede varmesalg vægtet gennemsnitspris for at beregne prisændringerne i forhold til priserne før fusionen.
1000707406;Avedøre Fjernvarme AMBA;2650;356;11724;13972;1119;9%;378,8;2,79%;
1010705653;Ballen/Brundby Varmeværk;8305;713;15963;18171;-1330;-7%;0;0,00%;
1001609247;Balling-Rødding Varmeværk A.m.b.a.**;7860;578;10913;14078;80;1%;-35,75;-0,25%;** Forsyningen er en fusion af to eller flere forsyninger eller har prisharmoniseret. Der er for december 2017 og evt. januar 2020 benyttet en med det budgetterede varmesalg vægtet gennemsnitspris for at beregne prisændringerne i forhold til priserne før fusionen.
1001507375;Bedsted Fjernvarme;7755;600;13234;15541;1393;10%;-452,5;-2,83%;
1001753730;Billund Varmeværk A.m.b.a.;7190;515;9350;11772;-91;-1%;-181;-1,51%;
1001785816;BINDSLEV FJERNVARME A M B A;9881;413;9703;12700;3054;32%;-2398,25;-15,88%;
1001207403;BLENSTRUP KRAFTVARMEVÆRK A.M.B.A.;9520;606;16044;17923;2018;13%;1030,63;6,10%;
1003733569;Blåhøj Energiselskab Amba;7330;438;8281;9981;-259;-3%;1131,25;12,78%;
1002196453;Bogense Forsyningsselskab;5400;338;7344;9421;-679;-7%;0;0,00%;
1011404398;Boligselskabet Viborg - Varmecentralen Houlkær***;8800;477;7902;0;;;;;*** Nogle fjernvarmeforsyninger indberetter ikke priser for standardlejligheder eller standardhuse, hvorfor nogle felter er tomme. Dette skyldes, at Forsyningstilsynet kun modtager indberetninger for de aftagerkategorier, som findes i forsyningernes kundegrundlag, og at flere forsyninger ikke har kunder med disse forhold. Gennemsnitlig, vægtet gennemsnitlig og median varmepris for standardlejligheder og standardhuse er alene beregnet for de varmeforsyninger, der har indberettet priser for denne boligtype.
1002027401;Boligselskabet Viborg - Vestervang Varmecentral***;8800;477;13440;0;;;;;*** Nogle fjernvarmeforsyninger indberetter ikke priser for standardlejligheder eller standardhuse, hvorfor nogle felter er tomme. Dette skyldes, at Forsyningstilsynet kun modtager indberetninger for de aftagerkategorier, som findes i forsyningernes kundegrundlag, og at flere forsyninger ikke har kunder med disse forhold. Gennemsnitlig, vægtet gennemsnitlig og median varmepris for standardlejligheder og standardhuse er alene beregnet for de varmeforsyninger, der har indberettet priser for denne boligtype.
1014542643;BORNHOLMS VARME A/S;3700;700;15331;19083;590;3%;0;0,00%;
1000825228;BORUP VARMEVÆRK A M B A;4140;488;9863;13024;472;4%;-47,5;-0,36%;
1003512223;BOULSTRUP-HOU KRAFTVARMEVÆRK AMBA;8300;725;15375;17623;4525;35%;0;0,00%;
1002170663;Bramming Fjernvarme A.m.b.a.;6740;388;8344;11401;2646;30%;-678,75;-5,62%;
1002075632;Brande Fjernvarme Amba;7330;388;9438;12701;2728;27%;0;0,00%;
1001553293;BREDEBRO VARMEVÆRK A M B A;6261;438;8969;11769;2036;21%;-905;-7,14%;
1001727276;Bredsten-Balle Kraftvarmeværk A.m.b.a.;7182;738;13474;17135;1358;9%;-1131,25;-6,19%;
1002097051;Broager Fjernvarmeselskab;6310;494;11281;14474;-1129;-7%;-1128,75;-7,23%;
1001759685;BROVST FJERNVARME ANDELSSELSKAB;9460;500;10625;13550;905;7%;0;0,00%;
1002194760;BRÆDSTRUP FJERNVARME A M B A;8740;281;7063;9516;2263;31%;545,63;6,08%;
1003039566;Brøndby Fjernvarme AMBA;2605;445;8779;11373;-1189;-9%;0;0,00%;
1016879652;Brønderslev Varme A/S;9700;548;10288;12920;-1268;-9%;-226,25;-1,72%;
1003817963;Brøns Kraftvarme A.m.b.a.;6780;575;14100;16483;1810;12%;0;0,00%;
1000584343;BRØRUP FJERNVARME A M B A;6650;313;7250;9731;-679;-7%;-678,75;-6,52%;
1001479025;Bækmarksbro Varmeværk A.m.b.a.;7660;588;12613;15234;-226;-1%;-452,5;-2,88%;
1002074934;BÆLUM VARMEVÆRK AMBA;9574;500;12375;13925;938;7%;-1131,25;-7,51%;
1001503587;Bøvling Varmeværk;7650;525;10925;13593;893;7%;2090;18,17%;
1002166965;Christiansfeld Fjernvarmeselskab A.m.b.A.;6070;481;10188;13398;1378;11%;-1470,63;-9,89%;
1015733949;DIN Forsyning Varme A/S;6715;550;10440;12904;-1797;-12%;-194,06;-1,48%;
1015733949;DIN Forsyning Varme A/S;6715;550;10440;12904;-1797;-12%;-194,06;-1,48%;
1000353842;Dronninglund Fjernvarme;9330;563;10594;13644;2256;20%;-2330,38;-14,59%;
1001773686;Durup Fjernvarme;7870;499;11022;14981;609;4%;-475,13;-3,07%;
1001803425;Dybvad Varmeværk Amba;9352;538;11938;14979;0;0%;452,5;3,12%;
1025580230;E.ON Produktion Danmark A/S - samtlige prod.enheder;2000;600;14581;17595;775;5%;-20,39;-0,12%;
2468246825;E.ON Varme - Distribution;2000;614;11961;15054;116;1%;-1815,2;-10,76%;
1003010765;EBELTOFT FJERNVARMEVÆRK;8400;386;8341;10535;-325;-3%;-162,5;-1,52%;
1021885025;Egebjerg Nærvarme A.M.B.A.;4500;643;13138;16779;0;0%;0;0,00%;
1112223334;Egedal Fjernvarme A/S - Forsyningsområde 2**;3660;413;9313;12516;-1660;-12%;-883,75;-6,60%;** Forsyningen er en fusion af to eller flere forsyninger eller har prisharmoniseret. Der er for december 2017 og evt. januar 2020 benyttet en med det budgetterede varmesalg vægtet gennemsnitspris for at beregne prisændringerne i forhold til priserne før fusionen.
1000827232;Egtved Varmeværk;6040;650;12531;16128;2715;20%;-339,38;-2,06%;
1003021791;Ejerf Mølleåparken v/adv Lone Refshammer***;1153;764;14339;0;;;;;*** Nogle fjernvarmeforsyninger indberetter ikke priser for standardlejligheder eller standardhuse, hvorfor nogle felter er tomme. Dette skyldes, at Forsyningstilsynet kun modtager indberetninger for de aftagerkategorier, som findes i forsyningernes kundegrundlag, og at flere forsyninger ikke har kunder med disse forhold. Gennemsnitlig, vægtet gennemsnitlig og median varmepris for standardlejligheder og standardhuse er alene beregnet for de varmeforsyninger, der har indberettet priser for denne boligtype.
1001365764;Ejsing Fjernvarme a.m.b.a.;7830;800;17250;20480;1131;6%;0;0,00%;
1001347598;Ejstrupholm Varmeværk A. m. b. a.;7361;513;12188;13776;2489;22%;-1018,13;-6,88%;
1003594076;Ellehavegaard Energy I/S v/Peter og Inge-Merete Palle Pedersen***;4800;450;0;13945;-1964;-12%;-325;-2,28%;*** Nogle fjernvarmeforsyninger indberetter ikke priser for standardlejligheder eller standardhuse, hvorfor nogle felter er tomme. Dette skyldes, at Forsyningstilsynet kun modtager indberetninger for de aftagerkategorier, som findes i forsyningernes kundegrundlag, og at flere forsyninger ikke har kunder med disse forhold. Gennemsnitlig, vægtet gennemsnitlig og median varmepris for standardlejligheder og standardhuse er alene beregnet for de varmeforsyninger, der har indberettet priser for denne boligtype.
1015472304;Energi Ikast Varme A/S - Bording Kraftvarmeværk;7430;394;8656;11252;372;3%;-306,88;-2,65%;
1015110437;Engesvang-Moselund Kraftvarmeværk;7430;556;11094;14193;7612;116%;-306,88;-2,12%;
1003276017;Engholm Varmecentral;3450;600;10617;13660;-1238;-8%;0;0,00%;
1002004427;Farsø Varmeværk A M B A;9640;425;9406;11755;0;0%;0;0,00%;
1002899982;FARUM FJERNVARME A M B A;3520;556;10666;13630;2367;21%;-1223,63;-8,24%;
1002329388;Faxe Fjernvarmeselskab;4640;442;8873;11887;458;4%;-73,84;-0,62%;
1003191352;FD Hvidovre  v/EBO Consult A/S;2650;369;12084;14415;1298;10%;342,47;2,43%;
1001381379;FELDBORG KRAFTVARMEVÆRK A.M.B.A.;7540;735;13650;16891;8044;91%;-1606,38;-8,68%;
1001795913;FENSMARK FJERNVARMEVÆRK AMBA;4684;413;8875;11804;-313;-3%;-873,75;-6,89%;
1003311702;FFV Varme A/S;5600;500;9406;11988;2036;20%;-3846,25;-24,29%;
1001067947;Filskov Energiselskab;7200;0;0;0;;;;;
1003315472;Fjernvarme Fyn Distribution A/S;5230;493;8650;10864;622;6%;0;0,00%;
1003161700;Fjernvarme Horsens A.m.b.A;8700;500;9909;12759;-41;0%;129,25;1,02%;
1001339596;FJERNVARMEFORSYNINGEN I Ø TOREBY, TOREBY, SUNDBY OG NAGELSTI AMBA;4800;490;10323;13341;0;0%;0;0,00%;
1001871680;Fjerritslev Fjernvarme;9690;428;9335;12345;353;3%;0,65;0,01%;
1001519542;Flauenskjold Fjernvarme;9330;688;12969;16131;3959;33%;1131,25;7,54%;
1016112816;FORS Varme Holbæk Jyderup A/S;4300;711;13235;16868;0;0%;0;0,00%;
1016112662;FORS Varme Holbæk St. Merløse A/S;4300;723;14088;18252;684;4%;174,91;0,97%;
1015965963;Fors Varme Roskilde A/S;4000;452;9852;13051;152;1%;-1021,46;-7,26%;
1015712852;Forsyning Helsingør Varme;3000;476;12149;15569;-920;-6%;-1,18;-0,01%;
1003045929;FREDERICIA FJERNVARME A.M.B.A;7000;261;6415;8599;-1286;-13%;-651,6;-7,04%;
1001501791;FREDERIKS VARMEVÆRK A M B A;7470;438;10625;14044;1944;16%;812,5;6,14%;
1010272870;Frederiksberg Fjernvarme A/S;2000;565;10206;13228;671;5%;-654,76;-4,72%;
1012874908;FREDERIKSHAVN VARME A/S;9900;488;9969;12786;407;3%;-1221,75;-8,72%;
1003817999;Frifelt-Roager Kraftvarme AMBA;6780;700;17000;20170;0;0%;0;0,00%;
1000881784;Frøstrup Fjernvameværk A M B A;7741;469;12563;15598;-483;-3%;-975,82;-5,89%;
1008759150;FUGLEBJERG FJERNVARMEVÆRK;4250;460;9931;13214;-1035;-7%;-1034,63;-7,26%;
1003452650;Fur Kraftvarmeværk A.m.b.a.;7884;530;12575;14218;-1552;-10%;-215,5;-1,49%;
1018861131;Føns Nærvarme A.m.b.a.;5580;830;16575;22173;1625;8%;0;0,00%;
1001843381;Galten Varmeværk A M B A;8464;331;7985;9637;-339;-3%;-452,5;-4,48%;
1002248681;Gartneres Varmeforsyning i Bellinge - Fangel ApS;5250;442;8110;9719;985;11%;839,33;9,45%;
1002492813;Gartneres Varmeforsyning i Åsum og Langeskov ApS;5250;439;8177;9800;1551;19%;974,86;11,05%;
1002630107;Gartnernes Fjernvarmeforsyning i Odense Nord ApS;5250;444;8555;10255;1229;14%;1006,59;10,88%;
1001349413;Gassum-Hvidsten Kraftvarmeværk;8981;481;13563;16548;9042;120%;1752,5;11,84%;
1001440711;Gauerslund Fjernvarme;7080;450;8969;11739;-679;-5%;0;0,00%;
1001772848;Gedsted Varmeværk;9631;563;12031;15494;625;4%;0;0,00%;
1000509106;GELSTED FJERNVARMECENTRAL;5591;675;13563;17168;453;3%;-678,75;-3,80%;
1003451502;Genner, Hellevad og Hovslund Forende Kraftvarmeværker A.m.b.a.;6230;650;14513;18453;4388;31%;-137,5;-0,74%;
1003262352;Gentofte Fjernvarme;2820;279;11323;13456;606;5%;-398,58;-2,88%;
1007789161;GEV Varme A/S;7200;250;5938;7400;0;0%;0;0,00%;
1008891660;Gilleleje Fjernvarme A M B A;3250;531;10969;14303;0;0%;325;2,33%;
1001770195;GIVE FJERNVARME A M B A;7323;456;8344;10858;3153;41%;-226,25;-2,04%;
1000753087;Gjerlev Fjernvarmeværk A.m.b.a.;8983;475;12750;16423;-1094;-6%;-1094,25;-6,25%;
1001214793;Gjøl Private Kraftvarmeværk A.m.b.a.;9440;700;15500;19545;5883;43%;0;0,00%;
1003264343;Gladsaxe kommunes Fjernvarmeforsyning;2860;279;10649;12694;389;3%;-38;-0,30%;
1001582757;Glamsbjerg-Haarby Varmeværk A.m.b.a.**;5620;463;9250;11921;-346;-3%;0;0,00%;** Forsyningen er en fusion af to eller flere forsyninger eller har prisharmoniseret. Der er for december 2017 og evt. januar 2020 benyttet en med det budgetterede varmesalg vægtet gennemsnitspris for at beregne prisændringerne i forhold til priserne før fusionen.
1016140941;Glostrup Varme A/S;2600;297;6729;8852;-7602;-46%;-686,35;-7,20%;
1002068790;Glyngøre Fjernvarmeværk;7870;481;11281;14461;599;4%;-532,5;-3,55%;
1001743992;Gram Fjernvarme;6510;738;14625;18974;6449;51%;-905;-4,55%;
1017920967;GRENÅ VARMEVÆRK A M B A;8500;310;6994;9124;-3892;-30%;-633,5;-6,49%;
1017198617;Greve Fjernvarme A.m.b.a.;2670;307;7637;10535;743;8%;-1191,15;-10,16%;
1017380741;Grevinge-Herrestrup Kraftvarme (Odsherred Varme A/S);4571;600;12788;16160;-3975;-20%;-2935;-15,37%;
1001830261;Græsted Fjernvarme A.m.b.a;3230;550;11838;15736;2149;16%;452,5;2,96%;
1025483363;Grøn Varme Samsø A/S - Tranebjerg***;7752;794;14125;17754;;;-1525,25;-7,91%;*** Nogle fjernvarmeforsyninger indberetter ikke priser for standardlejligheder eller standardhuse, hvorfor nogle felter er tomme. Dette skyldes, at Forsyningstilsynet kun modtager indberetninger for de aftagerkategorier, som findes i forsyningernes kundegrundlag, og at flere forsyninger ikke har kunder med disse forhold. Gennemsnitlig, vægtet gennemsnitlig og median varmepris for standardlejligheder og standardhuse er alene beregnet for de varmeforsyninger, der har indberettet priser for denne boligtype.
1001252921;Gudenådalens Energiselskab A.M.B.A. (Bjerringbro Varmeværk)**;8850;500;11048;13766;1951;17%;-1131,25;-7,59%;** Forsyningen er en fusion af to eller flere forsyninger eller har prisharmoniseret. Der er for december 2017 og evt. januar 2020 benyttet en med det budgetterede varmesalg vægtet gennemsnitspris for at beregne prisændringerne i forhold til priserne før fusionen.
1015628495;Guldborgsund Varme;4800;553;10881;14140;106;1%;-476,79;-3,26%;
1001519815;Gørding Varmeværk;6690;475;9094;12010;0;0%;0;0,00%;
1003123407;Haderslev Fjernvarme;6100;445;8363;10430;362;4%;0;0,00%;
1007842267;HADERUP KRAFTVARMEVÆRK A.M.B.A.;7540;561;11888;15209;5774;61%;90,63;0,60%;
1002257575;Hadsten Varmeværk;8370;350;8813;9898;0;0%;0;0,00%;
1002116755;HADSUND FJERNVARMEVÆRK;9560;433;10742;12909;-745;-5%;-311,09;-2,35%;
1001392149;Hallund Kraftvarmeværk A.m.b.a.;9700;640;15600;17584;1448;9%;0;0,00%;
1001549704;HALS FJERNVARME A M B A;9370;525;10313;13040;226;2%;0;0,00%;
1016115076;Halsnæs Varme A/S;3300;475;9649;12468;4160;50%;-1583,75;-11,27%;
1001088346;Halvrimmen-Arentsminde Kraftvarmeværk Amba;9460;625;13781;17438;5581;47%;0;0,00%;
1001822672;Hammel Fjernvarme Amba;8450;456;8094;10058;904;10%;678,75;7,24%;
1001555454;HAMMERSHØJ FJERNVARMEVÆRK;8830;575;10688;13983;2149;18%;-791,88;-5,36%;
1001554495;HANSTHOLM VARMEVÆRK A M B A;7730;375;8063;9913;453;5%;-905;-8,37%;
1001018897;HARBOØRE VARMEVÆRK A.M.B.A.       V/J.J. BIRCH;7673;213;5738;7476;0;0%;-452,5;-5,71%;
1001094436;Hashøj Kraftvarmeforsyning A.m.b.a.;4261;640;12686;17043;-181;-1%;-5611;-24,77%;
1002013802;HASLEV FJERNVARME  A M B A;4690;670;13418;17059;1202;8%;518,86;3,14%;
1001121158;Havndal Fjernvarme A.m.b.a.;8970;579;12353;15277;2665;21%;0;0,00%;
1012117112;Havneby Varmeværk A.m.b.a.;6792;844;16375;21122;488;2%;470;2,28%;
1011271355;Hedegårdens Varmecentral I/S  c/o EBO Consult A/S***;2650;310;9206;11100;;;44,77;0,40%;*** Nogle fjernvarmeforsyninger indberetter ikke priser for standardlejligheder eller standardhuse, hvorfor nogle felter er tomme. Dette skyldes, at Forsyningstilsynet kun modtager indberetninger for de aftagerkategorier, som findes i forsyningernes kundegrundlag, og at flere forsyninger ikke har kunder med disse forhold. Gennemsnitlig, vægtet gennemsnitlig og median varmepris for standardlejligheder og standardhuse er alene beregnet for de varmeforsyninger, der har indberettet priser for denne boligtype.
1001812204;HEDENSTED FJERNVARME;8722;531;11063;14428;-506;-3%;-506,38;-3,39%;
1001011752;Hejnsvig Varmeværk A M B A;7250;375;9500;11488;2518;28%;0;0,00%;
1001830583;Helsinge Fjernvarme;3200;500;10094;13088;-778;-6%;-777,5;-5,61%;
1004482427;HEMMET VARMEVÆRK AMBA;6893;563;12594;15919;-1587;-9%;0;0,00%;
1014558531;HILLERØD VARME A/S;3400;450;10494;11889;996;9%;0;0,00%;
3000000001;HILLERØD VARME A/S - Gørløse Fjernvarme;3400;450;14005;15400;996;7%;0;0,00%;
3000000002;HILLERØD VARME A/S - Meløse-St. Lyngby;3400;450;14814;16209;996;7%;0;0,00%;
3000000003;HILLERØD VARME A/S - Skævinge Fjernvarmeværk;3400;450;13004;16240;996;7%;0;0,00%;
1002895495;HINNERUP FJERNVARME AMBA;8382;408;8066;10532;312;3%;0;0,00%;
1001864776;HIRTSHALS FJERNVARME;9850;481;10734;13944;1923;16%;339,38;2,49%;
1001723737;Hjallerup Fjernvarmeværk;9320;663;12250;15541;1158;8%;-905;-5,50%;
1000379188;HJORDKÆR FJERNVARMEVÆRK AMBA;6230;390;9098;10994;-2565;-19%;-800,13;-6,78%;
1003156575;HJØRRING VARMEFORSYNING;9800;406;8559;10333;1112;12%;224,38;2,22%;
1001810468;HOBRO VARMEVÆRK A M B A;9500;544;9791;12336;904;8%;1068,13;9,48%;
1004416316;HOFOR Fjernvarme P/S;2300;655;11999;14820;-156;-1%;-149,69;-1,00%;
1002146371;Holeby Fjernvarme;4960;474;10838;14074;1954;16%;543;4,01%;
1001789264;Holme-Lundshøj Fjernvarmeværk A M B A;8270;654;11306;14295;1637;13%;370,25;2,66%;
1001747524;Holsted Varmeværk A.m.b.A.;6670;600;12094;15123;1810;14%;-1583,75;-9,48%;
1002996529;Holte Fjernvarme a.m.b.a.;2840;391;8869;12282;-3979;-24%;-1211,5;-8,98%;
1002186009;Hornbæk Fjernvarme A.m.b.a.;3100;645;12616;16382;-390;-2%;0;0,00%;
1001839701;Hornslet Fjernvarmeselskab Amba;8543;688;13164;15501;1881;14%;1202,5;8,41%;
1001550427;Hovedgård Fjernvarme amba;8732;525;11663;15315;-281;-2%;0;0,00%;
1001694623;Hundested Varmeværk A.m.b.a.;3390;746;14506;18745;-325;-2%;0;0,00%;
1003439395;Hundslund-Oldrup Kraftvarmeværk;8350;538;14338;19204;-363;-2%;0;0,00%;
1001845141;Hurup Fjernvarme;7760;450;8825;10895;674;7%;0;0,00%;
1001179217;Hvalpsund Kraftvarmeværk A.m.b.a.;9640;425;13875;15193;905;6%;0;0,00%;
1001847430;Hvalsø Kraftvarmeværk a.m.b.a.;4330;676;12039;15068;2716;22%;0;0,00%;
1001573152;Hvidbjerg Fjernvarme amba;7790;550;10125;12655;453;4%;452,5;3,71%;
1002309201;Hvide Sande Fjernvarme;6960;375;8913;11713;-566;-5%;-565,63;-4,61%;
1002964005;HVIDEBÆK FJERNVARMEFORSYNING;4490;510;10842;14762;-2373;-14%;-650;-4,22%;
1003755808;HYLLINGE-MENSTRUP KRAFTVARMEVÆRKERA M B A;4700;688;15000;20569;1131;6%;1131,25;5,82%;
1002933753;Høje Taastrup Fjernvarme A.m.b.a;2630;527;11035;14332;211;1%;-761,08;-5,04%;
1001505761;Højslev - Nr Søby Fjernvarmeværk;7840;523;10345;13482;337;3%;113,13;0,85%;
1001640777;Høng Varmeværk;4270;625;12094;15442;2324;18%;-226,25;-1,44%;
1000200879;Hørby Varmeværk;9300;450;11891;15039;679;5%;-339,38;-2,21%;
1010102020;I/S Norfors - Fredensborg Fjernvarme;2970;994;18069;22937;0;0%;0;0,00%;
2223334441;I/S Norfors - Nivå Fjernvarme;2970;744;14494;18656;0;0%;0;0,00%;
1003861117;I/S Norfors - Norfors Fjernvarme;2970;744;15298;19906;264;1%;252,38;1,28%;
1003387416;I/S Vestforbrænding Glostrup;2600;310;9162;11055;135;1%;0;0,00%;
1001514308;INGSTRUP FJERNVARME ANDELSSELSKAB;9480;644;18873;20868;2433;13%;1828,75;9,61%;
1003272783;ISHØJ VARMEVÆRK;2635;308;10251;13021;-1827;-12%;-694,54;-5,06%;
1001270473;JELLING VARMEVÆRK;7300;438;8779;11255;994;10%;-1593,13;-12,40%;
1001016250;Jerslev Varmeværk;9740;550;11360;13924;1267;10%;-1991;-12,51%;
1001201570;JETSMARK ENERGIVÆRK AMBA;9490;438;9406;12481;891;8%;-890,63;-6,66%;
1001441676;JÆGERSPRIS KRAFTVARME A.M.B.A;3630;425;10875;12193;3060;34%;-905;-6,91%;
1014794766;KALUNDBORG VARMEFORSYNING A/S;4400;538;11869;16079;-1346;-8%;-307,75;-1,88%;
1001173049;Karup Varmeværk**;7470;388;8906;11826;461;4%;-155;-1,29%;** Forsyningen er en fusion af to eller flere forsyninger eller har prisharmoniseret. Der er for december 2017 og evt. januar 2020 benyttet en med det budgetterede varmesalg vægtet gennemsnitspris for at beregne prisændringerne i forhold til priserne før fusionen.
1015829881;Kerteminde Forsyning - Varme A/S;5300;400;9093;12049;-1336;-10%;-1689,7;-12,30%;
1017369365;Kettinge;2971;536;11641;15482;-3264;-17%;-3264,05;-17,41%;
1008593805;Kibæk Varmeværk;6933;350;9394;12757;-1062;-8%;0,1;0,00%;
1002110216;Kjellerup Fjernvarme Amba;8620;469;11219;12672;2569;25%;0;0,00%;
1001557755;Klejtrup Varmeværk;9500;500;11219;13938;625;5%;625;4,69%;
1017212040;Kolind Fjernvarmeværk A.M.B.A;8560;519;12250;16127;-905;-5%;0;0,00%;
1001961555;Kongerslev Fjernvarme AMBA;9293;663;12781;16104;2036;14%;-226,25;-1,39%;
1001567347;Kværndrup Fjernvarme;5772;488;10594;13961;0;0%;0;0,00%;
1001672967;Langå Varmeværk;8870;531;11269;14897;566;4%;-565,63;-3,66%;
1001032862;Laurbjerg Kraftvarmeværk AMBA;8870;531;11406;15116;3888;35%;0;0,00%;
1000974476;LEM VARMEVÆRK;6940;500;9463;11391;2263;25%;0;0,00%;
1001749941;LEMVIG VARMEVÆRK A M B A**;7620;263;6938;8851;1379;18%;0;0,00%;** Forsyningen er en fusion af to eller flere forsyninger eller har prisharmoniseret. Der er for december 2017 og evt. januar 2020 benyttet en med det budgetterede varmesalg vægtet gennemsnitspris for at beregne prisændringerne i forhold til priserne før fusionen.
1001231422;Lendum Kraftvarmeværk A.m.b.a.;9870;750;17500;19825;3513;22%;-1357,5;-6,41%;
1001191665;Lohals Varmeforsyning A.m.b.a.;5953;550;11794;14873;-2423;-14%;-1460,5;-8,94%;
1014453659;Lolland Varme A/S**;4900;395;8915;12053;-1282;-10%;0;0,00%;** Forsyningen er en fusion af to eller flere forsyninger eller har prisharmoniseret. Der er for december 2017 og evt. januar 2020 benyttet en med det budgetterede varmesalg vægtet gennemsnitspris for at beregne prisændringerne i forhold til priserne før fusionen.
1001820693;Lystrup Fjernvarme A m b a;8520;663;12563;15648;3394;28%;1696,88;12,16%;
1016186046;Læsø Varme A/S;9940;625;12969;16006;-3543;-18%;287,5;1,83%;
1001504819;LØGSTRUP VARMEVÆRK A M B A;8831;438;10500;13369;779;6%;-1031,25;-7,16%;
1001510235;Løgstør Fjernvarmeværk AMBA;9670;550;11838;15261;3114;26%;-905;-5,60%;
1001552091;LØGTEN-SKØDSTRUP FJERNVARMEVÆRK A M B A;8541;744;12871;15818;2376;18%;2828,13;21,77%;
1002227340;LØGUMKLOSTER FJERNVARME;6240;588;11375;14571;939;7%;-452,5;-3,01%;
1000441441;Løjt Kirkeby Fjernvarmeselskab Amba;6200;626;12238;14798;671;5%;-791,88;-5,08%;
1002195238;Løkken Varmeværk;9480;344;8990;10987;-566;-5%;-113,13;-1,02%;
1004118408;Løkkensvejens Kraftvarmeværk Amba;9480;850;20250;22885;8733;62%;0;0,00%;
1004046966;LØNSTRUP VARMEFORSYNING AMBA;9800;689;15710;17846;663;4%;1092,78;6,52%;
1003717218;Lørslev Fjernvarmeforsyning Amba;9800;563;13688;18456;-4978;-21%;-1131,25;-5,78%;
1001811993;Løsning Fjernvarme A m b a;8723;656;11625;14691;-1456;-9%;-890,63;-5,72%;
1001745715;MALLING VARMEVÆRK AMBA;8340;619;11719;15012;-113;-1%;1244,38;9,04%;
1001349371;Manna-Thise Kraftvarmeværk;9700;890;20350;23109;7516;48%;0;0,00%;
1002070939;Mariager Fjernvarme A M B A;9550;222;7118;8831;827;10%;-433,13;-4,68%;
1000187343;Maribo Varmeværk Amba;4930;346;8350;10637;-242;-2%;0;0,00%;
1001672864;MARSTAL FJERNVARME A M B A;5960;800;16225;19180;1310;7%;-300;-1,54%;
1021057238;Mejlby Fjernvarme AMBA;8981;575;15036;16819;629;4%;0;0,00%;
1001066162;Mellerup Kraftvarme Amba***;8930;645;0;18925;4887;35%;0;0,00%;*** Nogle fjernvarmeforsyninger indberetter ikke priser for standardlejligheder eller standardhuse, hvorfor nogle felter er tomme. Dette skyldes, at Forsyningstilsynet kun modtager indberetninger for de aftagerkategorier, som findes i forsyningernes kundegrundlag, og at flere forsyninger ikke har kunder med disse forhold. Gennemsnitlig, vægtet gennemsnitlig og median varmepris for standardlejligheder og standardhuse er alene beregnet for de varmeforsyninger, der har indberettet priser for denne boligtype.
1011470390;Middelfart Fjernvarme a.m.b.a.**;5500;475;9125;11698;735;7%;0;0,00%;** Forsyningen er en fusion af to eller flere forsyninger eller har prisharmoniseret. Der er for december 2017 og evt. januar 2020 benyttet en med det budgetterede varmesalg vægtet gennemsnitspris for at beregne prisændringerne i forhold til priserne før fusionen.
1001800657;Midtlangeland Fjernvarme;5900;520;11019;13650;-543;-4%;0;0,00%;
1014977178;MORSØ VARME A/S;7900;563;10406;13594;0;0%;0;0,00%;
1009984468;Mosede Fjernvarmeværk a.m.b.a.;2670;779;13101;16043;-2939;-15%;-30,63;-0,19%;
4444433333;Mou Kraftvarme AMBA;9280;343;7532;9512;-2310;-20%;-1750;-15,54%;
1001700995;Møldrup Varmeværk;9632;500;10031;12613;3301;35%;0;0,00%;
1001735576;Mørke Fjernvarmeselskab Amba;8544;650;12359;14959;905;6%;0;0,00%;
1001557974;Mørkøv Varmeværk Amba;4440;484;11511;15775;811;5%;-297,98;-1,85%;
1002279450;Nibe Varmeværk a.m.b.a.;9240;463;9829;12465;1018;9%;-678,75;-5,16%;
1013275528;Nimtofte - NOFF takstområde 1;8550;681;18969;25893;1231;5%;0;0,00%;
1111122222;Nimtofte - NOFF takstområde 2;8550;681;18969;25893;3181;14%;0;0,00%;
2222211111;Nimtofte - NOFF takstområde 3;8550;681;17938;24106;1231;5%;0;0,00%;
1020529128;Nordals Fjernvarme A/S**;6400;430;11238;14356;-3246;-18%;-3908,46;-21,40%;** Forsyningen er en fusion af to eller flere forsyninger eller har prisharmoniseret. Der er for december 2017 og evt. januar 2020 benyttet en med det budgetterede varmesalg vægtet gennemsnitspris for at beregne prisændringerne i forhold til priserne før fusionen.
1001187876;NORDBY FJERNVARME A M B A;6720;850;16507;19143;639;3%;324,67;1,73%;
1002107538;NR ALSLEV FJERNVARMEVÆRK A M B A;4840;369;10281;13074;-3258;-20%;-3031,88;-18,82%;
1012866492;Nyborg Forsyning Varme A/S;5800;560;9950;12456;362;3%;0;0,00%;
1002063337;NYKØBING M FJERNVARMEVÆRK A M B A;7900;430;8825;11533;-261;-2%;-306;-2,58%;
1001888952;NYKØBING SJ VARMEVÆRK;4500;561;11672;15041;3761;33%;0;0,00%;
1010517636;NYSTED VARMEVÆRK A.M.B.A;4880;344;9156;12697;-1688;-12%;-1259,05;-9,02%;
1003173770;Næstved Fjernvarme A.M.B.A.;4700;518;10150;13184;525;4%;543;4,30%;
1000217829;NØRRE NEBEL FJERNVARME;6830;425;10250;12943;-1358;-9%;0;0,00%;
1001626454;Nørre Snede Varmeværk;8766;363;10063;11186;1938;21%;-1583,75;-12,40%;
1003157066;Odder Varmeværk A M B A**;8300;516;10681;13519;890;7%;660,38;5,14%;** Forsyningen er en fusion af to eller flere forsyninger eller har prisharmoniseret. Der er for december 2017 og evt. januar 2020 benyttet en med det budgetterede varmesalg vægtet gennemsnitspris for at beregne prisændringerne i forhold til priserne før fusionen.
1021587520;OK Fjernvarme ApS;3790;775;16656;20640;950;5%;0;0,00%;
1008780737;Onsbjerg Varmeværk;8305;790;15002;17451;-1;0%;-0,5;0,00%;
1001327150;OUE KRAFTVARMEVÆRK A.M.B.A.;9500;500;16050;17600;5313;43%;-362;-2,02%;
1000217945;Outrup Varmeværk;6855;500;11625;14550;2263;18%;0;0,00%;
1001562667;OVERLUND FJERNVARMEVÆRK A M B A;8800;513;10203;13270;533;4%;-2635;-16,57%;
1001550440;Padborg Fjernvarme A.m.b.a.;6330;513;9950;12914;502;4%;0;0,00%;
1002247727;Præstø Fjernvarme a.m.b.a.;4720;684;13263;16986;423;3%;125;0,74%;
1001210129;Ramsing-Lem-Lihme Kraftvarmeværk;7860;619;13719;17762;2681;18%;-1187,5;-6,27%;
1002992225;Rask Mølle Varmeværk;8763;613;12281;15761;0;0%;0;0,00%;
1000077067;REFA - Horbelev Varmeværk A/S;4871;543;13366;17962;-2124;-11%;-1000;-5,27%;
1020390588;REFA Gedser Fjernvarme A/S;4874;586;13286;17213;0;0%;0;0,00%;
1015609768;REFA, STUBBEKØBING FJERNVARME A/S;4800;381;10513;14293;-1018;-7%;-641,19;-4,29%;
1003843766;Rejsby Kraftvarme;6780;613;14500;18086;-750;-4%;1131,25;6,67%;
1002058838;Ribe Fjernvarme AMBA;6760;438;10179;12125;-138;-1%;-137,5;-1,12%;
1011319390;RINGE FJERNVARMESELSKAB A M B A;5750;531;9467;11846;2319;24%;0;0,00%;
1003054009;RINGKØBING FJERNVARMEVÆRK AMBA    VARMEVÆRK 1;6950;275;6756;9212;-679;-7%;-2262,5;-19,72%;
1017780383;RINGSTED FJERNVARME A/S;4100;411;8458;10928;-754;-6%;-837,13;-7,12%;
1007719341;Rise Fjernvarme Amba;5970;890;20100;22859;-625;-3%;-625;-2,66%;
1001806990;Roslev Fjernvarmeselskab A.m.b.A.;7870;438;10719;13381;-566;-4%;0;0,00%;
1001391111;ROSTRUP KRAFTVARMEVÆRK AMBA;9550;525;16000;17628;3965;29%;-678,75;-3,71%;
1001930294;Rundhøj  Fjernvarme AMBA;8270;545;10075;13115;1267;11%;588,25;4,70%;
1001553645;RY VARMEVÆRK A M B A;8680;326;7956;10480;-1209;-10%;0;0,00%;
1003568649;Rye Kraftvarmeværk A.M.B.A.;8680;250;11094;14963;-2145;-13%;-2828,13;-15,90%;
1002070617;Ryomgård Fjernvarmeværk;8550;595;12550;15395;-1743;-10%;-905;-5,55%;
1001082841;Ræhr Fjernvarme Amba;7730;375;9688;11538;-1155;-9%;-2036,25;-15,00%;
1001573462;Rødby Varmeværk a.m.b.a.;4970;375;9406;12425;325;3%;325;2,69%;
1001159796;Rødbyhavn Fjernvarme Amba;4970;316;8930;11544;1138;11%;631,5;5,79%;
1002243368;Rødding Fjernvarme;6630;488;9625;12374;905;8%;-1392,5;-10,12%;
1001454760;Rødkærsbro Fjernvarmeværk;8840;614;13903;17375;3228;23%;-22,63;-0,13%;
1011930936;Rødovre Kommunale Fjernvarme;2610;469;10313;13622;158;1%;0;0,00%;
1002824928;Rønde Fjernvarmeværk;8410;456;9625;12346;937;8%;-316,75;-2,50%;
1016095709;Rønne Varme A/S;3700;833;16013;19296;5825;43%;5824,71;43,24%;
1002997847;Sakskøbing Fjernvarmeselskab Amba;4990;540;10167;13009;283;2%;0;0,00%;
1001529390;Saltum Fjernvarmeværk AMBA;9493;515;11163;14822;1652;13%;-1968,38;-11,72%;
1004149664;Sandved-Tornemark Kraftvarmeværk Amba;4262;663;15609;19198;1749;10%;1810;10,41%;
1000550228;Sdr  Felding Varmeværk;7280;375;8281;10475;0;0%;0;0,00%;
1001193577;Sdr. Herreds Kraftvarmeværker Amba;7960;586;16594;18611;4466;32%;0;0,00%;
1006369409;Sdr. Nissum Fjernvarme I/S Henry Toft/Britha Pilgaard Toft;6990;550;11750;13705;0;0%;-1625;-10,60%;
1001577420;Sdr. Omme Varmeværk Amba;7260;399;10781;14534;-842;-5%;-243,08;-1,64%;
1001503654;Sig Varmeværk;6800;625;14375;16313;1843;13%;-1256,25;-7,15%;
1014963991;SILKEBORG VARME A/S;8600;475;9600;12118;679;6%;0;0,00%;
1002097944;Sindal Varmeforsyning Amba;9870;425;9375;11918;1964;20%;-882,38;-6,89%;
1010782917;SK Varme A/S;4200;463;9984;12708;0;0%;0;0,00%;
1018054791;Skagen Varmeværk Amba;9990;313;7913;10146;-1131;-10%;-452,5;-4,27%;
1000210678;Skals Kraftvarmeværk Amba;8832;550;11250;14330;1810;14%;0;0,00%;
1001761239;Skanderborg-Hørning Fjernvarme Amba;8660;425;8500;10643;-272;-2%;0;0,00%;
1003169877;Skive Fjernvarme a.m.b.a.;7800;485;9963;12979;362;3%;-1086;-7,72%;
1003086479;Skjern Fjernvarme;6900;413;7875;10116;-1584;-14%;-263,75;-2,54%;
1000746895;Skovlund Varmeværk;6823;650;14375;18040;4515;33%;1150;6,81%;
1002138988;Skovsgaard Varmeværk;9460;500;10594;14138;-481;-3%;650;4,82%;
1003701860;Skuldelev Energiselskab Amba;4050;484;10626;12596;0;0%;0;0,00%;
1001669670;SKÆRBÆK FJERNVARME A.M.B.A.;6780;375;8664;10909;-657;-6%;-1244,38;-10,24%;
1003458829;Skørping Varmeværk;9520;538;10938;14104;1429;11%;0;0,00%;
1001604427;Skårup Fjernvarme;5881;508;11175;14673;1240;9%;248,88;1,73%;
1018666886;Slagslunde Fjernvarme A.m.b.a.;3660;630;13638;17928;650;4%;-724;-3,88%;
1001535455;Smørum Kraftvarme;2765;542;11254;14536;0;0%;0;0,00%;
1001986520;Snedsted Varmeværk;7752;470;11519;15657;1665;12%;-1026,38;-6,15%;
1001556073;Solrød Fjernvarme a m b a;2680;500;10656;14316;-2159;-13%;-1086,25;-7,05%;
1023151355;Sorø Fjernvarme A/S;4520;799;12735;15764;4846;44%;-1;-0,01%;
1001754646;Spjald Fjernvarme- og Vandværk;6971;575;10563;13033;3620;38%;0;0,00%;
1003462631;SSF Energiselskab (Snertinge, Særslev, Føllenslev);4591;831;20154;23991;1778;8%;0;0,00%;
1002046635;Stege Fjernvarme Amba;4780;463;10579;14323;-512;-3%;295;2,10%;
1002186897;Stenstrup Fjernvarme Amba;5771;525;10638;13283;3259;33%;-361,5;-2,65%;
1002279681;Stoholm Fjernvarmeværk;7850;375;8906;11100;-1131;-9%;-1131,25;-9,25%;
1001828049;Strandby Varmeværk AMBA;9970;438;9469;12406;0;0%;-1131,25;-8,36%;
1008632274;STRUER FORSYNING FJERNVARME A/S;7600;438;8181;10101;226;2%;0;0,00%;
1001070704;Støvring Kraftvarmeværk Amba;9530;350;7938;10479;-453;-4%;-678,75;-6,08%;
1001815057;Sunds Vand- og Varmeværk A.m.b.a;7451;438;8781;11169;-2817;-20%;-452,5;-3,89%;
1000921589;Svebølle-Viskinge Fjernvarmeselskab Amba;4470;739;18796;22084;-960;-4%;328,88;1,51%;
1003007911;SVENDBORG FJERNVARME;5700;363;7326;9652;-1438;-13%;-3067,25;-24,12%;
1001944117;Svogerslev Fjernvarmecentral;4000;600;11781;14860;-390;-3%;123,75;0,84%;
1001272907;SYDFALSTER VARMEVÆRK A M B A;4873;451;10964;14133;414;3%;0;0,00%;
1001211691;SYDLANGELAND FJERNVARME A.M.B.A.;5932;545;8175;9865;-4031;-29%;-4031;-29,01%;
1002189756;SÆBY VARMEVÆRK A M B A;9300;463;9313;11571;1584;16%;0;0,00%;
1004197093;Søndbjerg Fjernvarme Amba;7790;563;13313;18481;-1131;-6%;2762,5;17,57%;
1012754848;Sønderborg Varme A/S**;6400;428;8975;11675;459;4%;162,9;1,42%;** Forsyningen er en fusion af to eller flere forsyninger eller har prisharmoniseret. Der er for december 2017 og evt. januar 2020 benyttet en med det budgetterede varmesalg vægtet gennemsnitspris for at beregne prisændringerne i forhold til priserne før fusionen.
1000898485;SØNDERHOLM VARMEVÆRK AMBA;9240;606;14344;17598;2489;16%;0;0,00%;
1001802909;Tarm Varmeværk Amba;6880;410;9655;10926;-724;-6%;-452,5;-3,98%;
1000949978;Terndrup Fjernvarme A.m.ba.;9575;563;12000;15669;0;0%;0;0,00%;
1003030685;Thisted Varmeforsyning Amba;7700;375;7563;9688;226;2%;-452,5;-4,46%;
1000409687;THORSAGER FJERNVARMEVÆRK A M B A;8410;538;12125;15304;-1003;-6%;-1002,5;-6,15%;
1003830555;Thorshøj Kraftvarmeværk Amba;9750;875;19163;22783;8294;57%;0;0,00%;
1001235842;THORSMINDE VARMEVÆRK A.M.B.A.;6990;500;11719;15263;969;7%;0;0,00%;
1001552789;Thorsø Fjernvarmeværk A M B A;8881;260;7843;9231;-541;-6%;66,74;0,73%;
1001178258;THYBORØN FJERNVARME A.M.B.A.;7680;490;11350;15244;1508;11%;0;0,00%;
1000758600;Tim Kraftvarmeværk Amba;6980;475;10063;12773;1358;12%;-2715;-17,53%;
1000146519;Tistrup Varmeværk;6862;619;13406;16699;5543;50%;0;0,00%;
1002175112;Toftlund Fjernvarme Amba;6520;570;11050;14192;4870;52%;-1561,13;-9,91%;
1001473623;Tommerup Bys Fjernvarmeforsyning A.m.b.a.;5690;486;10482;13046;-1169;-8%;-258,79;-1,95%;
1002487500;Tommerup St. Varmeforsyning A.m.b.a.;5690;481;9844;13261;-566;-4%;-2601,88;-16,40%;
1001698824;TRANBJERG VARMEVÆRK A M B A;8310;708;12144;14818;2212;18%;866,38;6,21%;
1001940135;TRANUM VARMEVÆRK;9460;563;11513;13856;0;0%;0;0,00%;
1001203809;TREFOR VARME, KOLDING A/S;6000;591;11681;13514;543;4%;-339,38;-2,45%;
1001762685;Troldhede Kraftvarmeværk A.m.b.a.;6920;450;9063;11695;-418;-3%;-1548,75;-11,69%;
1004131281;TRUSTRUP-LYNGBY VARMEVÆRK AMBA;8570;388;8781;11426;-64;-1%;-226,25;-1,94%;
1001318826;TVERSTED KRAFTVARMEVÆRK A M B A;9881;506;10531;13788;2602;23%;0;0,00%;
1001745454;Tønder Fjernvarmeselskab A.m.b.a.;6270;494;9906;12812;-1633;-11%;-791,88;-5,82%;
1003023952;TØRRING KRAFTVARMEVÆRK;7160;399;10110;13822;3672;36%;-1443,1;-9,45%;
1015752390;TÅRNBYFORSYNING Varme A/S;2770;311;10538;12519;-563;-4%;341,57;2,80%;
1002190406;Tårs Varmeværk;9830;688;13727;18041;5401;43%;0;0,00%;
1000885821;Ulbjerg Kraftvarme Amba;8832;563;12969;15744;3641;30%;565,63;3,73%;
1001109525;Uldum Varmeværk Amba;7171;525;10184;12886;-385;-3%;-23,75;-0,18%;
1000525111;Ulfborg Fjernvarmeværk A.m.b.a.;6990;488;10594;13961;679;5%;1131,25;8,82%;
1001726931;ULSTED VARMEVÆRK;9370;510;11738;15969;0;0%;0;0,00%;
1001973692;Vallensbæk Fjernvarme NORD A M B A;2625;518;11298;15325;331;2%;-114,2;-0,74%;
1002041931;Vamdrup Fjernvarme A.m.b.A;6580;488;10563;12899;792;7%;-1583,75;-10,94%;
1019145995;Varmecentralen Ørnesædet;4622;374;8925;11019;2791;34%;-2597,45;-19,08%;
1003535075;Veddum Skelund Visborg Kraftvarmeværk AMBA;9560;525;13563;15190;2263;18%;1131,25;8,05%;
1000830268;Vegger Varmeværk A M B A;9240;306;6531;8324;-1281;-13%;0;0,00%;
1003962006;Vejby-Tisvilde Fjernvarme AMBA;3210;750;16875;19200;2263;13%;-2262,5;-10,54%;
1002060351;Vejen Varmeværk Amba;6600;500;9250;11625;453;4%;-678,75;-5,52%;
1002290506;Vejlby Fjernvarme;8240;493;9325;11539;1207;12%;1063,38;10,15%;
1002261339;Vejle Fjernvarme a.m.b.a.;7100;438;8688;11144;1343;14%;-565,63;-4,83%;
1001612351;Vemb Varmeværk;7570;475;9974;13340;-453;-3%;-226,25;-1,67%;
1007760007;VERDO VARME A/S;8920;142;3898;5266;-10079;-66%;-6386,81;-54,81%;
1010775228;Verdo Varme Herning (før Eniig Varme A/S);7400;405;8173;10275;-4333;-30%;-1485,1;-12,63%;
1001329153;Vesløs Fjernvarme Amba;7742;554;16056;17773;-1109;-6%;-1108,63;-5,87%;
1002294343;VESTEGNENS KRAFTVARMESELSKAB I/S***;2620;623;12581;15957;;;760,5;5,00%;*** Nogle fjernvarmeforsyninger indberetter ikke priser for standardlejligheder eller standardhuse, hvorfor nogle felter er tomme. Dette skyldes, at Forsyningstilsynet kun modtager indberetninger for de aftagerkategorier, som findes i forsyningernes kundegrundlag, og at flere forsyninger ikke har kunder med disse forhold. Gennemsnitlig, vægtet gennemsnitlig og median varmepris for standardlejligheder og standardhuse er alene beregnet for de varmeforsyninger, der har indberettet priser for denne boligtype.
1000499081;Vester Hjermitslev Varmeværk;9700;625;15000;16938;-3739;-18%;-678,75;-3,85%;
1002166333;Vestervig Fjernvarme A.m.b.a;7770;313;9611;12452;-783;-6%;0;0,00%;
1010775961;Vestforsyning Varme A/S;7500;431;7828;10162;-590;-5%;-207,13;-2,00%;
1026537661;Viborg Varme A.mb.a.;2970;582;10798;13633;1073;9%;-1046,74;-7,13%;
1016419539;VIDEBÆK VARME A/S;6920;275;6213;7890;2263;40%;452,5;6,08%;
1001758574;Vildbjerg Varmeværk A.m.b.a.;7480;321;7819;9640;388;4%;-2289,13;-19,19%;
1001672876;VINDERUP VARMEVÆRK A M B A;7830;375;7716;9999;1358;16%;0;0,00%;
1002323664;Vivild Varmeværk A M B A;8961;679;13856;16973;0;0%;0;0,00%;
1001184646;Voerså Kraftvarmeværk A.m.b.a.;9300;669;14406;16479;3394;26%;-2262,5;-12,07%;
1001623583;VOJENS FJERNVARME A.M.B.A.;6500;670;11548;14725;2715;23%;0;0,00%;
1013385854;VORDINGBORG FJERNVARME A/S;4760;664;11999;14995;1374;10%;0,63;0,00%;
1001413262;VORUPØR KRAFTVARMEVÆRK;7700;494;12950;16318;4265;35%;-814,5;-4,75%;
1002195366;Vrå Varmeværk AMBA;9760;525;10938;13940;4978;56%;-1696,88;-10,85%;
1000295548;Værløse Varmeværk;3500;310;10193;12299;-341;-3%;0;0,00%;
1003453013;Værum-Ørum Kraftvarmeværk A.m.b.a.;8870;594;11813;13822;4147;43%;1240;9,86%;
1001572715;Ærøskøbing Fjernvarme;5970;463;12313;13746;0;0%;0;0,00%;
1000118658;Ø. Brønderslev Fjernvarmeværk;9700;669;13250;16767;4412;36%;905;5,71%;
1001221295;Øland Kraftvarmeværk A.m.b.a;9460;863;18563;21236;6109;40%;-2262,5;-9,63%;
1003046743;Ølgod Fjernvarmeselskab AMBA;6870;380;9188;11516;769;7%;0;0,00%;
1000902719;Ørnhøj-Grønbjerg Kraftvarmeværk A.m.b.a.;6973;531;12531;15691;-313;-2%;-312,5;-1,95%;
1001596824;Ørsted Fjernvarmeværk;8950;450;9006;12005;0;0%;0;0,00%;
1000459320;ØRUM VARMEVÆRK AMBA;8830;563;11000;13706;2263;20%;-1131,25;-7,62%;
1000946049;ØSTBIRK VARMEVÆRK A M B A;8752;450;9125;11620;99;1%;-226,25;-1,91%;
1000894624;Øster Hornum Varmeværk;9530;450;12594;17083;953;6%;952,5;5,91%;
3333344444;Øster Hurup Kraftvarmeværk;9560;563;15313;17056;4299;34%;0;0,00%;
1000882329;ØSTERILD FJERNVARMESELSKAB A M B A;7700;588;14906;18446;1086;6%;0;0,00%;
1001521893;Østervrå Varmeværk AMBA;9750;500;10875;13800;4973;56%;-2149,38;-13,48%;
1001742157;Aabenraa - Rødekro Fjernvarme;6200;370;7238;9072;-724;-7%;-362;-3,84%;
1001358265;Aabybro Fjernvarme;9440;450;9531;11958;328;3%;0;0,00%;
1022007439;Aalborg Bygas A/S;9000;705;12294;14479;456;3%;0;0,00%;
1020945857;Aalborg Varme A/S;9000;489;10111;12746;1049;9%;551,25;4,52%;
1000738509;Aalestrup-Nørager Energi A.M.B.A;9620;394;8053;10408;-1106;-10%;0;0,00%;
1002486097;Aars Fjernvarme Amba;9600;413;8188;10291;1057;11%;766,88;8,05%;
